Title arnie morton \ s of chicago Address 435 s. la cienega blv. los angeles Telephone 310/246 -1501 Category United States 0
Title art \ s delicatessen Address 12224 ventura blvd. studio city Telephone 818/762 -1221 Category United States 1
Title Hotel White Address 701 St. Canyon rd. White Phone 310/472 -1211 Category California 2
Title cafe bizou address 14016 ventura blvd. sherman oaks phone 818/788 -3536 category French 3
Title Telephone Address 624 s. la brea ave. los angeles Telephone 213/938 -1447 Category United States 4
Chinese on main address 2709 main st. santa monica phone 310/392 -9025 category french 5
Title citrus address 6703 melrose ave. los angeles phone 213/857 -0034 category California 6
Title Phoenix Address 8358 Sunrise blvd. West Hollywood Phone 213/848 -6677 Class 7 United States
Title granita address 23725 w. malibu rd. malibu phone 310/456 -0488 category California 8
Title grill on the alley address 9560 dayton way los angeles phone 310/276 -0615 category United States 9
Title restaurant katsu address 1972 n. hillhurst ave. los angeles phone 213/665 -1891 category Asia 10
Title l \ orangerie address 903 n. la cienega blvd. los angeles phone 310/652 -9770 category French 11
Address le chardonnay Address 8284 melrose ave. los angeles Telephone 213/655 -8880 Class French 12
Title locanda veneta address 3rd st. los angeles phone 310/274 -1893 category Italy 13
Title matsuhisa Address 129 n. la cienega blvd. beverly hills Phone 310/659 -9639 Class Asia 14
Title Palm address 9001 santa monica blvd. los angeles phone 310/550 -8811 category United States 15
Title patina address 5955 melrose ave. los angeles phone 213/467 -1108 category California 16
Title Philip \ s Original address 1001 n. alameda st. los angeles Telephone 213/628 -3781 Category United States 17
Title pinot bistro address 12969 ventura blvd. los angeles phone 818/990 -0500 category French 18
Title rex il restaurant address 617 s. olive st. los angeles phone 213/627 -2300 category Italy 19
Title spago address 1114 horn ave. los angeles phone 310/652 -4025 category California 20
Title Valentino Address 3115 pico blvd. santa monica Phone 310/829 -4313 Class Italy 21
Title yujean kang \ s gourmet Chinese food address 67 n. raymond ave. los angeles phone 818/585 -0855 category Asia 22
Title 21 Club Address 21 w. 52nd New York Telephone 212/582 -7200 Class 23
Title aquavit address 13 w. 54th st. New York telephone 212/307 -7311 category Land 24
Title aureole Address 34 e. 61st st. New York Telephone'212 / 319-1660'Category United States 25
Title Cafe Address 201 w. 83rd st. New York Phone 212/496 -6031 Category ` Cafe Bar'26
Title cafe des artistes Address 1 w. 67th st. New York Phone 212/877 -3500 Category Land 27
Title carmine \ s address 2450 broadway 90th to 91st sts. New York telephone 212/362 -2200 class Italy 28
Title carnegie deli address 854 7th ave. between 54th and 55th sts. New York phone 212/757 -2245 category delicatessen 29
Title chanterelle address 2 harrison st. near hudson st. new york telephone 212/966 -6960 category United States 30
Title Daniel Address 20 e. 76th New York Phone 212/288 -0033 Class French 31
Title Davut Address 210 e. 58th New York Telephone 212/355 -7555 Class Asia 32
Title felidia Address 243 e. 58th New York Telephone 212/758 -1479 Class Italy 33
Title Four Seasons Bar Address 99 e. 52nd St. New York Telephone 212/754 -9494 Class 34
Title gotham bar & grill Address 12 e. 12th st. New York Phone 212/620 -4020 Class 35
Title Title Title Title Title Title Title Title Title Title Title Title Title Title Title Title Title Title Title Title Title Title Title Title Title Title Title Title Title Title
Title Island Address 402 w. 44th st. New York Phone 212/765 -1737 Category ` Phone Caribbean'37
Title Jo Address 160 e. 64th New York Phone 212/223 -5656 Class 38
Title la caravelle address 33 w. 55th st. New York telephone 212/586 -4252 category French 39
Title la cote basque Address 60 w. 55th st. 5th to 6th ave. New York Telephone 212/688 -6525 Class French 40
Address le bernardin Address 155 w. 51st st. New York Telephone 212/489 -1515 Class French 41
Title les Celebrity Address 160 Central Park s New York Telephone 212/484 -5113 Category French 42
Title Homosexual Address 2 e. 55th New York Phone 212/339 -6719 Class 43
Title lutece address 249 e. 50th st. New York telephone 212/752 -2225 class French 44
Title Manhattan Sea Club Address 57 W. 58th St. New York Phone'212 / 371-7777'Category Seafood 45
Title March Address 405 e. 58th New York Telephone 212/754 -6272 Class 46
Title Mesa Grill Address 102 5th ave. between 15th and 16th sts. New York Phone 212/807 -7400 Class 47
Title mi cocina Address 57 jane st. off hudson st. new york Telephone 212/627 -8273 Category Mexican 48
Title montrachet address 239 w. Channel and white sts. New York telephone'212 / 219-2777'Category French 49
Title Ocean Address 55 e. 54th New York Telephone 212/759 -5941 Category Seafood 50
Title Park Road Cafe Address 100 e. 63rd New York Phone 212/644 -1900 Class United States 51
Title Pentagon Address 182 w. 58th st. New York Phone 212/245 -2214 Class French 52
Title Picholine Address 35 W. 64th St. New York Phone 212/724 -8585 Category Mediterranean 53
Title pisces Address 95 ave. a at 6th st. New York telephone 212/260 -6660 Category Seafood 54
Title Rainwater Room Address 30 Rockefeller plaza New York Phone 212/632 -5000 Category ` or 212/632 -5100 United States'55
Title River Cafe Address 1 Water Saints in East River Brooklyn Phone 718/522 -5200 Class 56
Title San Domenico Address 240 Central Park s New York Telephone 212/265 -5959 Category Italy 57
Title 2nd avenue deli Address 156 2nd ave. at 10th st. new york Telephone 212/677 -0606 Category delicatessen 58
Title seryna Address 11 e. 53rd New York Phone 212/980 -9393 Class Asia 59
Title shun lee west address 43 w. 65th st. New York telephone 212/371 -8844 class Asia 60
Title label Address 1110 3rd ave. at 65th st. New York Phone 212/861 -8080 Class United States 61
Title smith & wilensky address 201 e. 49th st. New York telephone 212/753 -1530 class United States 62
Title Tower in Central Park Green Address at No. 67 New York Phone 212/873 -3200 Class United States 63
Title Uncle Nick \ s address 747 9th ave. between 50th and 51st sts. New York telephone 212/315 -1726 category Mediterranean 64
Title Alliance Square Cafe Address 21 e. 16th New York Telephone 212/243 -4020 Class United States 65
Title virgil \ s Address 152 w. 44th New York Phone'212 / 921-9494'Category United States 66
Title chin \ s address 3200 las vegas blvd. s las vegas phone 702/733 -8899 category Asia 67
Title coyote cafe address 3799 las vegas blvd. s las vegas phone 702/891 -7349 category Southwest 68
Title le montrachet address 3000 w. paradise rd. las vegas phone 702/732 -5111 category land 69
Title Palace Court Address 3570 las vegas blvd. s las vegas Phone 702/731 -7547 Category Land 70
Title 200 e. fremont st. las vegas telephone 702/385 -3232 category Seafood 71
Title steak house address 2880 las vegas blvd. s las vegas phone 702/734 -0410 category ` steak houses'72
Title Tillerman Address 2245 e. flamingo rd. las vegas Phone 702/731 -4036 Category Seafood 73
Title abruzzi address 2355 peachtree rd.. peachtree battle shopping center atlanta phone 404/261 -8186 category Italy 74
Title bacchanalia address 3125 piedmont rd.. near peachtree rd. atlanta phone 404/365 -0410 class international 75
Title 骨 \ s address 3130 Piedmont Road Atlanta phone 404/237 -2663 category United States 76
Title brasserie le coze address 3393 peachtree rd.. lenox near the square center neiman marcus atlanta phone 404/266 -1440 category French 77
Title Restaurant Address 3073 Pidmond Road Atlanta Telephone 404/262 -3336 Category United States 78
Title ciboulette address 1529 piedmont ave. atlanta phone 404/874 -7600 category French 79
Title delectables Address 1 margaret mitchell sq. atlanta Phone 404/681 -2909 Category United States 80
Title Georgia Bar Address 2290 peachtree rd.. peachtree Square Shopping Center Atlanta Telephone 404/352 -3517 Category United States 81
Title hedgerose heights inn address 490 e. paces ferry rd. atlanta phone 404/233 -7673 category International 82
Title heera of india address 595 piedmont ave. rio shopping center atlanta phone 404/876 -4408 category Asia 83
Title indigo coastal oven address 1397 n. highland ave. atlanta phone 404/876 -0676 category Caribbean 84
Title la grotta address 2637 peachtree rd.. peachtree house condominium atlanta phone 404/231 -1368 category Italy 85
Title mary mac \ s tea room address 224 ponce de leon ave. atlanta phone 404/876 -1800 category South 86
Title nikolai \ s roof address 255 courtland st. at harris st. atlanta phone 404/221 -6362 category Continental 87
Title pano \ s and paul \ s address 1232 w. paces ferry rd. atlanta phone 404/261 -3662 class international 88
Title Cafe Ritz-Carton Buck Head Address 3434 peachtree rd. atlanta Phone 404/237 -2700 Category ` ext 6108 International'89
Title Restaurant ritz-carlton buckhead address 3434 peachtree rd. atlanta phone 404/237 -2700 category International 90
Title Restaurant Ritz-Carton Atlanta Address 181 peachtree St. Atlanta Phone 404/659 -0400 Class Continental 91
Title Toulouse address b peachtree rd. atlanta phone 404/351 -9533 category French 92
Title veni vidi vici address 41 14th st. atlanta phone 404/875 -8424 category Italy 93
Title alain rondelli address 126 clement st. san francisco phone 415/387 -0408 category French 94
Title aqua Address 252 California San Francisco Telephone 415/956 -9662 Category Seafood 95
Title Apartment Address 1 Mission St. Francis Telephone 415/543 -6084 Category United States 96
Title cafe claude address 7 claude la. san francisco phone 415/392 -3505 category French 97
Title Camp Address 340 stockton st. san francisco Telephone 415/955 -5555 Class USA 98
Address chez michel Address 804 northpoint san francisco Phone 415/775 -7036 Category French 99
Title fleur de lys address 777 sutter st. san francisco phone 415/673 -7779 category French 100
Title fringale address 570 4th st. san francisco phone 415/543 -0573 category French 101
Title hawthorne lane Address 22 hawthorne st. san francisco Phone 415/777 -9779 Category United States 102
Title khan toke thai house address 5937 geary blvd. san francisco phone 415/668 -6654 category Asia 103
Title la folie address 2316 polk st. san francisco phone 415/776 -5577 category French 104
Title lulu address 816 folsom st. san francisco phone 415/495 -5775 Category Mediterranean 105
Title masa \ s address 648 bush st. san francisco phone 415/989 -7154 category French 106
Title mifune Japan center kintetsu building address 1737 mail San Francisco phone 415/922 -0337 category Asia 107
Title Plumpjack Cafe Address 3201 fillmore St. Francis Phone 415/563 -4755 Category Mediterranean 108
Title postrio Address 545 St. San Francisco Telephone 415/776 -7825 Category United States 109
Title ritz-carlton restaurant and restaurant address 600 stockton st. san francisco telephone 415/296 -7465 class USA 110
Title Rose Gun Address 532 columbus ave. san francisco Phone 415/399 -0499 Category Italy 111
Title Bolo Address 23 e. 22nd St. New York Phone 212/228 -2200 Category Mediterranean 191
Title il nido Address 251 e. 53rd st. New York Phone 212/753 -8450 Class Italy 267
Title remi address 145 w. 53rd st. New York telephone 212/581 -4242 category Italy 334
Address adriano \ s restaurant Address 2930 beverly glen circle los angeles Phone 310/475 -9807 Class Italy 112
Title barney greengrass address 9570 wilshire blvd. beverly hills phone 310/777 -5877 class United States 113
Title beaurivage address 26025 Pacific Coast hwy. malibu phone 310/456 -5733 category French 114
Title bistro Garden Address 176 n. canon dr. los angeles Phone 310/550 -3900 Class California 115
Title Border Grill Address 4th Los Angeles Phone 310/451 -1655 Class Mexican 116
Title Street Dilly Address 3rd St. promenade santa monica Phone 310/451 -0616 Category United States 117
Title ca \ brea Address 346 s. la brea ave. los angeles Telephone 213/938 -2863 Category Italy 118
Title ca \ del sol address 4100 cahuenga blvd. los angeles phone 818/985 -4669 category Italy 119
Title Cafe Pinot Address 700 W. Fifth Holy Angel Telephone 213/239 -6500 California 120
Title California Pizza Kitchen Address 207 s. beverly dr. los angeles Phone 310/275 -1101 California 121
Title Address 419 n. fairfax ave. los angeles Telephone 213/651 -2030. Category United States 122
Title cava address 3rd st. los angeles phone 213/658 -8898 category Mediterranean 123
Title cha cha address 656 n. virgil ave. los angeles phone 213/664 -7723 category Caribbean 124
Title chan dara address 310 n. larchmont blvd. los angeles phone 213/467 -1052 category Asia 125
Title Clean Water Cafe Address 168 w. colorado blvd. los angeles Phone 818/356 -0959 Category ` Healthy Food'126
Title restaurant address 9500 wilshire blvd. los angeles phone 310/275 -5200 category California 127
Title dive! address 10250 santa monica blvd. los angeles phone 310/788 - category ` dive american'128
Title Drago Address 2628 wilshire blvd. santa monica Phone 310/828 -1585 Class Italy 129
Title Address 730 n. la cienega blvd. los angeles Telephone 310/358 -8585 Class French 130
Title Kingdom Room Address 930 hilgard ave. los angeles Phone 310/208 -8765 Category Land 131
Title eclipse address 8800 melrose ave. los angeles phone 310/724 -5959 category California 132
Title ed debevic \ s Address 134 n. la cienega los angeles Telephone 310/659 -1952 Category United States 133
Title el cholo Address 1121 s. western ave. los angeles Telephone 213/734 -2773 Category Mexican 134
Title gilliland \ s address 2424 main St. Monica phone 310/392 -3901 category United States 135
Title gladstone \ s Address 4 Fish 17300 Pacific Coast hwy. in the sun blvd. Pacific Numbers Phone 310/454 -3474 Category United States 136
Title Hard Rock Cafe Address 8600 beverly blvd. los angeles Telephone 310/276 -7605 Category United States 137
Title Harry \ s Bar & America Address 2020 ave. of the stars los angeles Phone 310/277 -2333 Category Italy 138
Title il fornaio cucina italiana Address 301 n. beverly dr. los angeles Phone 310/550 -8330 Class Italy 139
Title jack sprat \ s grill address 10668 w. pico blvd. los angeles phone 310/837 -6662 category ` Healthy food'140
Title Jackson \ s Farm Address 439 n. beverly drive los angeles Phone 310/273 -5578 Category California 141
Title jimmy \ s address 201 moreno dr. los angeles phone 310/552 -2394 category land 142
Title joss address 9255 sunset blvd. los angeles phone 310/276 -1886 category Asia 143
Title le colonial address 8783 beverly blvd. los angeles phone 310/289 -0660 category Asia 144
Address le dome Address 8720 sunset blvd. los angeles Phone 310/659 -6919 Category French 145
Title louise \ s trattoria address 4500 los feliz blvd. los angeles phone 213/667 -0777 category Italy 146
Title Mon Kee Seafood Restaurant Address 679 n. Spring Saint Los Angeles Phone 213/628 -6717 Class Asia 147
Title morton \ s address 8764 melrose ave. los angeles phone 310/276 -5205 category USA 148
Title nate \ n \ al \ s address 414 n. beverly dr. los angeles phone 310/274 -0101 category United States 149
Title nicola address 601 s. figueroa st. los angeles phone 213/485 -0927 category United States 150
Title Ocean Canal Address 1401 Ocean Ave. santa monica Telephone 310/394 -5669 Category United States 151
Title orleans Address 11705 Country blvd. los angeles Phone 310/479 -4187 Category cajun 152
Title Peace Car Address 6th Holy Angel Telephone 213/483 -6000 Class 153
Title paty \ s address 10001 riverside dr. toluca lake phone 818/761 -9126 category USA 154
Title Pinot Hollywood address 1448 n. gower st. los angeles phone 213/461 -8800 category California 155
Title location address 14928 ventura blvd. sherman oaks phone 818/784 -4400 category Italy 156
Title prego address 362 n. camden dr. los angeles phone 310/277 -7346 category Italy 157
Title rj \ s the rib joint address 252 n. beverly dr. los angeles Telephone 310/274 -7427 Category United States 158
Title remi address 3rd st. promenade santa monica phone 310/393 -6545 category Italy 159
Title restaurant horikawa address 111 s. san pedro st. los angeles phone 213/680 -9355 categories Asia 160
Title roscoe \ s house of chicken \ n \ waffles Address 1514 n. gower st. los angeles Telephone 213/466 -9329 Category United States 161
Title Schatzi Main Address 3110 Lord Holy Angel Phone 310/399 -4800 Category Land 162
Title Sophie Address 3rd st. los angeles Telephone 213/651 -0346 Category Mediterranean 163
Title swingers address 8020 beverly blvd. los angeles phone 213/653 -5858 category United States 164
Title tavola calda address 7371 melrose ave. los angeles phone 213/658 -6340 category Italy 165
Title Mandarin address 430 n. camden dr. los angeles phone 310/859 -0926 category Asia 166
Title tommy tang \ s address 7313 melrose ave. los angeles phone 213/937 -5733 category Asia 167
Title tra di noi address 3835 cross creek rd. los angeles phone 310/456 -0169 category Italy 168
Title Commercial vic \ s address 9876 wilshire blvd. los angeles phone 310/276 -6345 category Asia 169
Title vida Address 1930 north hillhurst ave. los feliz Telephone 213/660 -4446 Category United States 170
Title West Beach Cafe Address 60 n. Venice blvd. los angeles Telephone 310/823 -5396 Categories United States 171
Title 20 Address 20 Address 20 Address 20 Address 20 Address 20 Address 20 Address 20 Address 20 Address 20 Address 20 Address 20 Address 20 Address 20 Address 20 Address 20 Address 20 Address 20 Address 20 Address 20 Address 20 Address 20 Address 20 Address 20 Address 20 Address 20 Address 20 Address 20 Address 20 Address 20 Address 20 Address 20 Address 20 Address 20 Address 20 Address 20 Address 20 Address 20 Address 20 Address 20 Address 20 Address 20 Address 20 Address 20 Address 20 Address 20 Address 20 Address 20 Address
Title 9 John Street Address 9 John St. New York Telephone 212/989 -1220 Category United States 173
Title adrienne Address 700 5th ave. at 55th st. New York Phone 212/903 -3918 Class French 174
Title agrotikon Address 322 e. 14 st. 1st and 2nd Birds. New York Telephone 212/473 -2602 Category Mediterranean 175
Title aja Address 937 broadway at 22nd st. New York Phone 212/473 -8388 Category United States 176
Title alamo Address 304 e. 48th st. New York Phone'212 / 759-0590'Category Mexican 177
Title alley \ s Terminal Address 311 w. 17th New York Phone 212/627 -8899 Categories USA 178
Title Ambassador Grille Address 1 United Nations Square 44th New York Telephone 212/702 -5014 Class 179
Title United States Address 2 Park Ave. in 32nd St. New York Telephone 212/684 -2122 Category United States 180
Title anche vivolo Address 222 e. 58th st. between 2nd and 3rd birds. New York Telephone 212/308 -0112 Class Italy 181
Title arizona Address 206 206 e. 60th New York Telephone 212/838 -0440 Category United States 182
Title arturo \ s address 106 w. houston st. off thompson st. new york phone 212/677 -3820 category Italy 183
Title au mandarin address 200-250 vesey World Financial Center New York phone 212/385 -0313 category Asia 184
Title bar Address 1022 3rd ave. between 60th and 61st sts. New York telephone 212/355 -1112 Category Mediterranean 185
Title barbetta Address 321 w. 46th st. New York Phone 212/246 -9171 Class Italy 186
Title ben benson \ s address 123 w. 52nd New York phone 212/581 -8888 category United States 187
Title cup address 228 8th ave. between 21st and 22nd sts. New York phone 212/206 -0059 category ` coffee bar'188
Title Account \ s address 948 1st ave. between 52nd and 53rd sts. New York telephone 212/753 -1870 category USA 189
Title boca chica address 13 1st ave. near 1st st. New York phone 212/473 -0108 category ` Latin America'190
Title Bounty Address 1393a 2nd ave. between 72nd and 73rd sts. New York Phone 212/249 -8484 Class Asia 192
Title Butlin address 420 e. 59th st. off 1st ave. new york telephone 212/758 -0323 category French 193
Title brother bar-b-q address 225 varick st. at clarkston st. new york telephone 212/727 -2775 category United States 194
Title Bruno Address 240 e. 58th St. New York Phone 212/688 -4190 Class Italy 195
Title bryant park grill roof restaurant and bp cafe address 25 w. 40th st. 5th and 6th birds. New Agreement phone 212/840 -6500 class United States 196
Title c3 address 103 waverly pl. near Washington sq. New York telephone 212/254 -1200 class United States 197
Title ct address 111 e. 22nd st. park ave. s and lexington ave. New York phone 212/995 -8500 class French 198
Title cafe bianco address 1486 2nd ave. between 77th and 78th sts. New York phone 212/988 -2655 category ` coffee bar'199
Title cafe botanica Address 160 Central Park s New York Phone 212/484 -5120 Class French 200
Title cafe la fortuna address 69 w. 71st st. New York telephone 212/724 -5846 category ` Coffee bar'201
Title Cafe Luxembourg Address 200 w. 70th New York Phone 212/873 -7411 Class French 202
Title cafe pierre address 2 e. 61st st. New York telephone 212/940 -8185 class French 203
Address cafe center Address 200 park ave. between 45th st. and vanderbilt ave. New York telephone 212/818 -1222 category French 204
Title Cafe FES Address 246 W. 4th St. in Charles St. New York Phone 212/924 -7653 Category Mediterranean 205
Title caffe dante address 81 macdougal st. between houston and bleeker sts. new york phone 212/982 -5275 category ` coffee bar'206
Title caffe dell \ Artist address 46 greenwich ave. New York phone 212/645 -4431 Category ` Coffee bar'207
Title caffe lure Address 169 sullivan st. 間 Houston and bleecker sts. New York Telephone 212/473 -2642 Category French 208
Title caffe reggio address 119 macdougal st. between 3rd and bleecker sts. new york phone 212/475 -9557 category ` coffee bar'209
Title caffe roma address 385 broome st. at mulberry new york phone 212/226 -8413 category ` coffee bar'210
Title caffe vivaldi Address 32 jones st. at bleecker st. new york Telephone 212/691 -7538 Category ` Coffee bar'211
Title caffe bondi restaurant address 7 w. 20th New York phone 212/691 -8136 category Italy 212
Title capsouto freres Address 451 Washington San Diego New York Phone 212/966 -4900 Class French 213
Title Captain \ s desktop address 860 2nd ave. in 46th St. New York phone 212/697 -9538 class Seafood 214
Title casa la femme Address 150 Wooster St. Houston and Prince. New Agreement Telephone 212/505 -0005 Category ` Middle East' 215
Title cendrillon asian grill & marimba bar address 45 mercer st. between broome and grand sts. New York phone 212/343 -9012 category Asia 216
Address chez jacqueline Address 72 macdougal st. between w. Houston and bleecker sts. New York Phone 212/505 -0727 Class French 217
Title call address 160 e. 48th st. New York phone 212/371 -2323 class Asia 218
Title China Grill Address 60 w. 53rd New York Phone 212/333 -7788 Class United States 219
Title Reference Address 120 w. 51st st. New York Phone 212/956 -7100 Class French 220
Title coco pazzo address 23 e. 74th New York phone 212/794 -0205 category Italy 221
Title Columbus Bread Address 53rd sts. New York Phone 212/421 -0334 Category ` Coffee Bar'222
Title corrado cafe address 1013 3rd ave. between 60th and 61st sts. New York phone 212/753 -5100 category ` coffee bar'223
Title cupcake cafe address 522 9th ave. at 39th st. new york phone 212/465 -1530 category ` coffee bar'224
Title da nico address 164 mulberry st. between grand and broome sts. new york phone 212/343 -1212 category Italy 225
Title dean & deluca address 121 prince st. new york phone 212/254 -8776 category ` coffee bar'226
Address diva Address 341 w. broadway near grand st. new york telephone 212/941 -9024 category Italy 227
Title dix et sept Address 181 w. 10th st. New York Phone 212/645 -8023 Class French 228
Title file address 633 3rd ave. at 40th st. New York telephone'212 / 986-8080'class of seafood 229
Title duane park cafe address 157 duane st. between w. broadway and hudson st. new york telephone 212/732 -5555 category United States 230
Title el teddy \ s Address 219 w. Broadway Between White and Franklin. New York Phone 212/941 -7070 Class Mexican 231
Title em ily \ s address 1325 5th ave. at 111th st. New York telephone 212/996 -1212 category United States 232
Title em pire korea address 6 e. 32nd St. New York phone 212/725 -1333 class Asia 233
Title ernie \ s Address 2150 Broadway 75th to 76th sts. New York Phone 212/496 -1588 Class 234
Title Green Cafe Address 1288 1st Ave. at 69th St. New York Phone 212/744 -3266 Class Asia 235
Title f. ille ponte restaurant address 39 desbrosses st. Near-West New York phone 212/226 -4621 category Italy 236
Title felix Address 340 w. broadway at grand st. new york Telephone 212/431 -0021 Category French 237
Title Flight Address 29 e. 65th New York Telephone 212/772 -9000 Class French 238
Title 57th 57th St. New York Telephone 212/758 -5757 Class 239
Title Cinema Center Cafe Address 635 9th ave. between 44th and 45th sts. New York Telephone'212 / 262-2525'Class 240
Title fiorello \ s Rome Cafe Address 1900 Broadway Between 63 and 64th Century. New Testament Telephone 212/595 -5330 Class Italy 241
Title Firehouse Address 522 Colombia Ave. between the 85th and 86th centuries. New Treaty Telephone 212/595 -3139 Class 242
Title 1st address 87 1st ave. 5th to 6th sts. New York telephone 212/674 -3823 category USA 243
Title fishin eddie address 73 w. 71st st. New York telephone 212/874 -3474 Category Seafood 244
Title fleur de jour address 348 e. 62nd st. New York telephone 212/355 -2020 category ` coffee bar'245
Title Flowers Address 21 West 17th between 5th and 6th Birds. New York Telephone 212/691 -8888 Class 246
Title follonico Address 6 w. 24th New York Phone 212/691 -6359 Category Italy 247
Title fraunces tavern address 54 Pearl in Guangzhou New York phone 212/269 -0144 category United States 248
Title French Address 458 6th ave. at 11th st. New York Phone 212/533 -2233 Class French 249
Title French Cafe Address 2340 Street in 85th New York Phone 212/799 -1533 Category ` Cafe Bar'250
Title frico bar address 402 w. 43rd st. off 9th ave. new york phone 212/564 -7272 category Italy 251
Title fujiyama mama address 467 columbus ave. between 82nd and 83rd sts. New York telephone 212/769 -1144 class Asia 252
Title gabriela \ s address 685 Amsterdam ave. in 93rd New York phone 212/961 -0574 class Mexican 253
Title gallagher \ s Address 228 w. 52nd New York Phone 212/245 -5336 Category United States 254
Title gianni \ s address 15 fulton st. New York telephone 212/608 -7300 category Seafood 255
Title Gilafa address 208 e. 58th st. between 2nd and 3rd birds. New York telephone 212/752 -3054 category Italy 256
Title Global Address 33 93 2nd ave. 5th to 6th sts. New York Telephone 212/477 -8427 Categories United States 257
Title Gold Single Address 18 e. Street in St. Catherine New York Telephone'212 / 941-0911'Category Asia 258
Title grand ticino address 228 thompson st. between w. 3rd and bleecker sts. new york phone 212/777 -5922 category Italy 259
Title Halcyon Address 151 w. 54th st. In rihga Royal Hotel New York Telephone 212/468 -8888 Categories United States 260
Title Hard Rock Cafe Address 221 w. 57th New York Telephone 212/489 -6565 Class 261
Title hi-life restaurant and living address 1340 1st ave. at 72nd st. new york telephone 212/249 -3600 class United States 262
Title Main address 20 cornelia st. between bleecker and w. 4th st. new york Telephone 212/243 -9579 Category United States 263
Title Hudson River Club Address 4 World Financial Center New York Telephone 212/786 -1500 Class United States 264
Title i trulli Address 122 e. 27th st. between lexington and park aves. new york Telephone 212/481 -7372 Category Italy 265
Address il cortile Address 125 mulberry st. Canal and hester sts. New Agreement Telephone 212/226 -6060 Class Italy 266
Title Inca Grill Address 492 broome st. near w. broadway New York telephone 212/966 -3371 Category ` Latin America'268
Title Indian Address 430 lafayette st. between 4th st. and astor pl. New York Phone 212/505 -5111 Class Asia 269
Title Internet Cafe Address 82 e. 3rd st. between 1st and 2nd Birds. New York Phone'212 / 614-0747'Category ` Cafe Bar'270
Title ipanema Address 13 w. 46th st. New York Phone 212/730 -5848 Category ` Latin America'271
Title jean lafitte address 68 w. 58th st. New York telephone 212/751 -2323 category French 272
Title India Jewelry Address 15 w. 44th New York Phone 212/869 -5544 Class Asia 273
Title 吉米歌 \ s address 219 e. 44th st. between 2nd and 3rd birds. New York phone 212/682 -5678 category Asia 274
Title Joe Allen Address 326 W. 46th St. New York Telephone 212/581 -6464 Category United States 275
Judson Grill Address 152 w. 52nd New York Telephone 212/582 -5252 Class 276
Title l \ absinthe Address 227 e. 67th st. New York Phone 212/794 -4950 Class French 277
Title l \ Address 1191 1st ave. between 64th and 65th sts. New York telephone 212/288 -8791 category ` Middle East'278
Title l \ auberge du midi Address 310 w. 4th st. between w. 12th and bank sts. new york Telephone 212/242 -4705 Class French 279
Title l \ udo address 432 lafayette st. near astor pl. New York telephone 212/388 -0978 category French 280
title la reserv address 4 w. 49th st. New York telephone 212/247 -2993 category French 281
Title Lanza Restaurant Address 168 1st ave. 10th to 11th sts. New York Phone 212/674 -7014 Class Italy 282
Title lattanzi restaurantante Address 361 w. 46th New York Phone 212/315 -0980 Class Italy 283
Title layla Address 211 w. broadway at franklin st. new york Telephone 212/431 -0700 Category ` Middle East' 284
Title le chantilly Address 106 e. 57th st. New York Phone 212/751 -2931 Class French 285
Title le colonial Address 149 e. 57th New York Telephone'212 / 752-0808'Category Asia 286
Title le gamin Address 50 macdougal st. between Houston and Prince. New York telephone 212/254 -4678 Category ` Coffee bar'287
Address le jardin Address 25 cleveland pl. Near Spring New York Phone 212/343 -9599 Category French 288
Address le madri Address 168 w. 18th st. New York Phone 212/727 -8022 Class Italy 289
Title le marais Address 150 w. 46th st. New York Telephone 212/869 -0900 Class United States 290
Title le perigord Address 405 e. 52nd New York Telephone 212/755 -6244 Class French 291
Title le select address 507 columbus ave. between 84th and 85th sts. new york telephone 212/875 -1993 category United States 292
Title les halles address 411 park ave. s between 28th and 29th sts. New York telephone 212/679 -4111 class French 293
Title Lincoln Address 51w. 64th New York Telephone 212/721 -8271 Category United States 294
Title lola address 30 West 22nd st. between 5th and 6th ave. New York telephone 212/675 -6700 class United States 295
Title Lucky Strike Address 59 grand st. between wooster st. and w. Street New York Telephone 212/941 -0479 Category ` or 212/941 -0772 United States'296
Title Crazy Fish Address 2182 Broadway 77 to 78 New York Telephone 212/787 -0202 Category Seafood 297
Title Main Street Address 446 columbus ave. between 81st and 82nd sts. New York Telephone 212/873 -5025 Class 298
Title mangia e bevi address 800 9th ave. at 53rd st. new york phone 212/956 -3976 category Italy 299
Title Manhattan Cafe Address 1161 1st ave. between 63rd and 64th sts. New York Phone 212/888 -6556 Class 300
Title Manila Garden Address 325 e. 14th st. between 1st and 2nd Birds. New York Phone 212/777 -6314 Class Asia 301
Title Marrakech Address 342 e. 46th st. between 1st and 2nd Birds. New York Phone 212/370 -1866 Class French 302
Title marquet patisserie address 15 e. 12th st. between 5th ave. and university pl. New York phone 212/229 -9313 category ` coffee bar'303
Title Contest Address 160 Mercer St. between Houston and Prince St. New York Telephone 212/906 -9173 Class 304
Title matthew \ s address 1030 3rd ave. at 61st st. New York telephone 212/838 -4343 category United States 305
Title Mavalli Palace Address 46 e. 29th New York Phone 212/679 -5535 Class Asia 306
Title Milan Cafe and Coffee Bar Address 120 w. 23rd St. New York Phone 212/807 -1801 Category ` Coffee Bar'307
Title Monkey Bar Address 60 e. 54th st. New York Phone 212/838 -2600 Class 308
Title Mountains Address 1134 1st ave. between 62nd and 63rd sts. New York Phone 212/421 -4433 Class Asia 309
Title morton \ s address 551 5th ave. in 45th st. New York telephone 212/972 -3315 category USA 310
Title: Motown Cafe Address 104 w. 57th st. Nearby 6th ave. New York Phone 212/581 -8030 Class 311
New York New York New York New York New York New York New York New York New York New York
Title New York noodletown Address 28 1/2 bowery at bayard st. New York Telephone 212/349 -0923 Class Asia 313
Title newsbar address 2 w. 19th st. New York telephone 212/255 -3996 category ` coffee bar'314
Title odeon Address 145 w. broadway at Thomas Saint New York Telephone 212/233 -0507 Category United States 315
Title orso Address 322 w. 46th st. New York Phone 212/489 -7212 Class Italy 316
Title Osteria al droge Address 142 w. 44th New York Telephone 212/944 -3643 Class Italy 317
Title otabe Address 68 e. 56th st. New York Phone 212/223 -7575 Class Asia 318
Title pacifica address 138 lafayette st. between channels and Howard sts. New York telephone 212/941 -4168 class Asia 319
Title Barrio Address 151 w. 51st. st. New York Telephone 212/245 -4850 Class Italy 320
Title Pamir Address 1065 1st ave. at 58th st. new york Telephone 212/644 -9258 Category ` Middle East` 321
Title parioli romanissimo Address 24 e. 81st New York Telephone 212/288 -2391 Category Italy 322
Title patria address 250 park ave. s in 20th New York phone 212/777 -6211 category ` Latin America'323
Title Peacock alley Address 301 park ave. between 49th and 50th sts. New York Phone 212/872 -4895 Class French 324
Title pen and pen address 205 e. 45th st. New York telephone 212/682 -8660 category United States 325
Title Penang Soho Address 109 Spring St. between Green and Mercer Sts. New York Telephone 212/274 -8883 Class Asia 326
Title persepolis address 1423 2nd ave. between 74th to 75th sts. New York telephone 212/535 -1100 class ` Middle East` 327
Title Planets Hollywood Address 140 W. 57th New York Telephone 212/333 -7827 Categories United States 328
Title Pomaire address 371 w. 46th st. off 9th ave. new york phone'212 / 956-3055'category ` Latin America'329
Title Popular Cafe Address 551 Amsterdam Ave. between 86th and 87th sts. New York Telephone 212/595 -8555 Class 330
Title Email Address 28 e. 63rd New York Phone 212/935 -2888 Category United States 331
Title Rain Address 100 w. 82nd New York Phone 212/501 -0776 Class Asia 332
Title Red Bull Address 439 e. 75th New York Phone 212/734 -4893 Category ` Eastern European'333
Title Republic Address 37a Alliance sq. w between 16th and 17th sts. New York Telephone 212/627 -7172 Class Asia 335
Title roettelle a. g address 126 e. 7th st. between 1st ave. and ave. a new york phone 212/674 -4140 category Continental 336
Title rosa mexicano Address 1063 1st ave. in 58th st. New York Phone 212/753 -7407 Class Mexican 337
Title ruth \ s chris address 148 w. 51st st. New York telephone 212/245 -9600 class United States 338
Title s.p.q.r address 133 mulberry st. between hester and grand sts. new york phone 212/925 -3120 category Italy 339
Title Anthony \ s address 55 irving pl. New York telephone 212/982 -9030 class Italy 340
Title sammy \ s Romania Steak House Address 157 chrystie st. at delancey st. new york Telephone 212/673 -0330 Category ` Eastern European'341
Title St. Peter Address 18 e. 54th St. New York Telephone 212/753 -9015 Class Italy 342
Title St. Ambrose address 1000 madison ave. between 77th and 78th sts. New York phone 212/570 -2211 category ` coffee bar'343
Title Sarabette \ s Kitchen Address 423 Amsterdam ave. between 80th and 81st sts. New York Phone 212/496 -6280 Class 344
Title Seafood Address 19 w. 49th st. New York Phone 212/332 -7610 Class Seafood 345
Title Serendipity Address 3 225 e. 60th New York Telephone 212/838 -3531 Category United States 346
Title Seventh Episode and Bar Address 643 Park Ave. in 66th New York Phone 212/744 -4107 Class 347
Title sfuzzi Address 58 w. 65th New York Phone 212/873 -3700 Class 348
Title shaan Address 57 w. 48th st. New York Phone'212 / 977-8400'Category Asia 349
Title Sophia Beautiful Pizza Address 1022 Madison Ave. Near 79th St. New York Phone 212/734 -2676 Class Italy 350
Title Spring Street Natural Restaurant and Bar Address 62 Spring Saint in lafayette New York Telephone 212/966 -0290 Class 351
Title phase deli address 834 7th ave. between 53rd and 54th sts. New York phone 212/245 -7850 category delicatessen 352
Title Address 428 Amsterdam Ave. between 80th and 81st sts. New York Telephone 212/501 -7515 Classes 353
Title Sweet \ n \ tart Cafe Address 76 mott st. at canal st. new york Telephone 212/334 -8088 Class Asia 354
Title t Address 143 mercer st. at prince st. new york Telephone 212/925 -3700 Category ` Coffee bar'355
Title tang pavillion Address 65 w. 55th st. New York Telephone 212/956 -6888 Class Asia 356
Title tapika Address 950 8th Ave. in 56th St. New York Telephone'212 / 397-3737'Category United States 357
Title teresa \ s address 103 1st ave. between 6th and 7th sts. New York telephone 212/228 -0604 category ` Eastern European'358
Title terrace address 400 w. 119th st. Between Amsterdam and Morning Birds. New Agreement Telephone 212/666 -9490 Category Land 359
Title Coffee Cup Address 350 9th Ave. in 49th St. New York Telephone 212/265 -3566 Category ` Coffee Bar'360
Title Savannah Club Address 2420 Street in 89th New York Phone 212/496 -1066 Class 361
Title trattoria dell \ art address 900 7th ave. between 56th and 57th sts. New York telephone 212/245 -9800 class Italy 362
Title triangolo Address 345 e. 83rd New York Telephone 212/472 -4488 Class Italy 363
Title tribeca grill address 375 greenwich st. near franklin st. new york telephone 212/941 -3900 classes USA 364
Title Three Jeans Address 154 e. 79th st. between lexington and 3rd birds. New York telephone 212/988 -4858 Category ` Coffee bar'365
Title Ce Yang Address 34 e. 51st New York Phone 212/688 -5447 Class Asia 366
Title Turkey Kitchen Address 386 3rd ave. between 27th and 28th sts. New York Telephone 212/679 -1810 Class ` Middle East'367
Title Two Two Two Two Two Two Two Two Two Two Two Two Two Two Two Two Two Two Two Two Two Two Two Two Two Two Two Two Two Two Two Two Two Two Two Two Two Two Two Two Two Two Two Two Two
Title veniero \ s pasticceria address 342 e. 11th st. near 1st ave. new york phone 212/674 -7264 category ` coffee bar'369
Title verbena address 54 irving pl. in 17th New York phone 212/260 -5454 category USA 370
Title Victory \ s Cafe Address 52 236 w. 52nd St. New York Phone 212/586 -7714 Category ` Latin America'371
Title vince & eddie \ s address 70 w. 68th st. New York telephone 212/721 -0068 category United States 372
Title vong address 200 e. 54th New York telephone 212/486 -9592 category United States 373
Title Water Club Address 500 e. 30th New York Telephone 212/683 -3333 Class 374
Title West Address 63rd Street Steakhouse 44 w. 63rd St. New York Telephone 212/246 -6363 Class 375
Title xunta Address 174 1st ave. between 10th and 11th sts. New York Phone 212/614 -0620 Category Mediterranean 376
Title Zen Palace Address 34 Alliance sq. e at 16th St. New York Phone 212/614 -9291 Class ` and 212/614 -9345 Asia'377
Title zoe address 90 Prince between Square and Mercer New York phone 212/966 -6722 category United States 378
Title abbey address 163 ponce de leon ave. atlanta phone 404/876 -8532 category International 379
Title aleck \ s barbecue heaven address 783 martin luther king jr. dr. atlanta phone 404/525 -2062 category barbecue 380
Title annie \ s Thailand Castle Address 3195 roswell rd. atlanta Phone 404/264 -9546 Class Asia 381
Title anthonys address 3109 piedmont rd.. direct south of peachtree rd. atlanta phone 404/262 -7379 category USA 382
Title Atlanta Fish Market Address 265 pharr rd. Atlanta Phone 404/262 -3165 Class USA 383
Title beesley \ s of buckhead Address 260 e. paces Trailway Atlanta Phone 404/264 -1334 Class 384
Title bertolini \ s address 3500 peachtree rd.. phipps plaza atlanta phone 404/233 -2333 category Italy 385
Title bistango Address 1100 peachtree st. atlanta Phone 404/724 -0901 Category Mediterranean 386
Title Cafe Resurrection Address 7050 Jimmy Carter blvd.. norcross atlanta Phone 770/441 -- 0291 Category United States 387
Title camille \ s address 1186 n. highland ave. atlanta phone 404/872 -7203 category Italy 388
Title Casis address 3300 peachtree rd.. grand hyatt atlanta phone 404/365 -8100 category Mediterranean 389
Title City Grill Address 50 Injured Square Atlanta Phone 404/524 -2489 Category International 390
Title Coca-Cola address 40 buckhead cross center side Marcus blvd. atlanta phone 404/364 -0212 category Caribbean 391
Title Colonial Restaurant Address 1879 Cheshire Bridge rd. atlanta Phone 404/874 -5642 Category Southern 392
Title dante \ s Down to Hach head address 3380 peachtree rd. atlanta phone 404/266 -1600 category Continental 393
underground underground underground underground underground underground underground underground underground underground underground underground underground underground underground underground underground underground underground underground underground underground underground underground underground underground underground underground underground underground underground underground underground underground underground underground underground underground underground underground underground underground underground underground underground underground underground underground underground underground underground underground underground underground underground underground underground underground underground underground underground underground underground underground underground underground underground underground underground underground underground underground underground underground underground underground underground underground underground underground underground underground underground underground underground underground underground underground underground underground underground underground underground underground underground underground underground
Tags: fat fat fat fat fat fat fat fat fat fat fat fat fat fat fat fat fat fat
Title France Restaurant Address 923 peachtree st. at 8th st. atlanta Phone 404/875 -2489 Class South 396
Title holt bros. bar-b-q address 6359 jimmy carter blvd.. at buford hwy. norcross atlanta phone 770/242 -3984 category barbecue 397
Title Gray address 4320 power ferry rd. atlanta phone 404/255 -7277 category South 398
Title hsu \ s gourmet Address 192 peachtree center ave. at international blvd. atlanta Phone 404/659 -2788 Class Asia 399
Title Empire  address 2285 peachtree rd.. peachtree battle shelter atlanta phone 404/351 -0870 category Mediterranean 400
Title kamogawa address 3300 peachtree rd.. grand hyatt atlanta phone 404/841 -0314 category Asia 401
Address la grotta at ravinia dunwoody rd. Address holiday in/crowne plaza at ravinia dunwoody atlanta Phone 770/395 -9925 Category Italy 402
Title small szechuan address c buford hwy. northwoods plaza doraville atlanta phone 770/451 -0192 category Asia 403
Title Low Country Bar Address 6301 roswell rd. 沙子喷泉 plaza 沙子喷泉 Atlanta 電話 404/255 -5160 Class Bar 404
Title luna si Address 1931 peachtree rd. atlanta Phone 404/355 -5993 Class 405
Title mambo restaurant cubano address 1402 n. highland ave. atlanta phone 404/874 -2626 category Caribbean 406
Title mckinnon \ s louisiane address 3209 maple dr. atlanta phone 404/237 -1313 category South 407
Title mi spia dunwoody rd. address park location from nearby shop dunwoody atlanta phone 770/393 -1333 categories Italy 408
Title nickiemoto \ s : a sushi bar address 247 buckhead ave. 東村 sq. atlanta phone 404/842 -0334 class fusion 409
Title Address 1829 peachtree rd. atlanta Phone 404/350 -6755 Class 410
Title Pleasant Farmers Address 555 peachtree st. at linden ave. atlanta Phone 404/874 -3223 Category United States 411
Title price address 500 pharr rd. atlanta phone 404/237 -2941 category Italy 412
Title r.j. \ s uptown Kitchen & Wine Bar Address 870 n. highland ave. atlanta Phone 404/875 -7775 Class 413
Title rib ranch address 25 irby ave. atlanta phone 404/233 -7644 category bar 414
Title sa tsu ki address 3043 buford hwy. atlanta phone 404/325 -5285 category Asia 415
Title sato sushi and thai address 6050 peachtree pkwy. norcross atlanta phone 770/449 -0033 category Asia 416
Title Southern City Kitchen Address 1144 crescent ave. atlanta Phone 404/873 -7358 Category Southern 417
Title South France Address 2345 cheshire bridge rd. atlanta Phone 404/325 -6963 Class French 418
Title stringer \ s fish camp and oyster bar address 3384 shallowford rd.. chamblee atlanta phone 770/458 -7145 category South 419
Title Sundown Cafe Address 2165 cheshire bridge rd. atlanta Telephone 404/321 -1118 Class United States 420
Title taste New Orleans address 889 w. peachtree st. atlanta phone 404/874 -5535 category South 421
Title tomtom address 3393 peachtree rd. atlanta phone 404/264 -1163 class 422
Title antonio \ s address 3700 w. flamingo las vegas phone 702/252 -7737 category Italy 423
Title bally \ s large kitchen address 3645 las vegas blvd. s las vegas phone 702/739 -4111 category Buffett 424
Title Bamboo Garden Address 4850 flamingo rd. las vegas Phone 702/871 -3262 Category Asia 425
Title battista \ s hole in the wall address 4041 audrie st. at flamingo rd. las vegas phone 702/732 -1424 category Italy 426
Title bertolini \ s address 3570 las vegas blvd. s las vegas phone 702/735 -4663 category Italy 427
Home 〉 Foreign Documents 〉 Literature 〉 Coffee shop address 128 fremont st. las vegas phone 702/382 -1600 category ` coffee shops/diners'428
Title bistro address 3400 las vegas blvd. s las vegas phone 702/791 -7111 class 429
Title Briller Address 4111 Buld hwy. las vegas Phone 702/432 -7777 Category United States 430
Title bugsy \ s Dinner address 3555 las vegas blvd. s las vegas phone 702/733 -3111 Category ` Cafe / Dinner'431
Title Cafe Michelle Address 1350 e. flamingo rd. las vegas Telephone 702/735 -8686 Category United States 432
Title Cafe Rome Address 3570 las vegas blvd. s las vegas Phone 702/731 -7547 Category ` Coffee shops'433
Title capozzoli \ s address 3333 s. maryland pkwy. las vegas phone 702/731 -5311 category Italy 434
Title Carnival World Address 3700 w. flamingo rd. las vegas Phone 702/252 -7777 Category Buffett 435
Title Center Square Hotel Address 1 Main Las Vegas Telephone 702/386 -2512 Categories USA 436
Title Circus Address 2880 las vegas blvd. s las vegas Phone 702/734 -0410 Category Buffett 437
Title em News Court Address 3570 las vegas blvd. s las vegas Phone 702/731 -7888 Class Asia 438
Title Festival Address 2411 w. Sahara ave. las vegas Phone 702/367 -2411 Category Buffet 439
Title Gold Nugget Hotel Address 129 e. fremont st. las vegas Phone 702/385 -7111 Category Buffet 440
Title Gold Steel Address 308 w. Sahara ave. las vegas Phone 702/384 -4470 Category ` Steel House'441
Title lillie langtry \ s address 129 e. fremont st. las vegas phone 702/385 -7111 category Asia 442
Title Mandarin Court Address 1510 e. flamingo rd. las vegas Phone 702/737 -1234 Class Asia 443
Title margarita \ s Mexico cantina Address 3120 las vegas blvd. s las vegas Phone 702/794 -8200 Category Mexico 444
Title mary \ s Dinner Address 5111 w. boulder hwy. las vegas Phone 702/454 -8073 Category ` Cafe / Dinner'445
Title Mikado Address 3400 las vegas blvd. s las vegas Phone 702/791 -7111 Category Asia 446
Title pamplemousse address 400 e. Sahara ave. las vegas phone 702/733 -2066 category land 447
Title ralph \ s Dinner address 3000 las vegas blvd. s las vegas phone 702/732 -6330 Category ` Cafe / Dinner'448
Title Address 3570 las vegas blvd. s las vegas Phone 702/731 -7525 Category ` Only in las vegas'449
Title Venezuela Address 3713 W. Sahara ave. las vegas Telephone 702/876 -4190 Category Italy 450
Title viva mercado \ s address 6182 w. flamingo rd. las vegas phone 702/871 -8826 class Mexican 451
Title yolie \ s address 3900 paradise rd. las vegas phone 702/794 -0700 category ` steak houses'452
Title 2223 Address 2223 Market San Francisco Phone 415/431 -0692 Category United States 453
Title acquarello address 1722 sacramento s. san francisco phone 415/567 -5432 category Italy 454
Title bardelli \ s address 243 o \ farrell st. san francisco phone 415/982 -0243 category ` old san francisco'455
Title betelnut Address 2030 union st. san francisco Phone 415/929 -8855 Class Asia 456
Title bistro roti address 155 steuart st. san francisco phone 415/495 -6500 category French 457
Title Bix Address 56 Gold St. Francis Phone 415/433 -6300 Class 458
Title bizou Address 598 Fourth Saint Francis Telephone 415/543 -2222 Category French 459
Title buca giovanni address 800 greenwich st. san francisco phone 415/776 -7766 category Italy 460
Address cafe adriano address 3347 fillmore st. san francisco phone 415/474 -4180 category Italy 461
Title cafe marimba address 2317 chestnut st. san francisco phone 415/776 -1506 category ` Mexico/Latin America/Spanish'462
Name California School of Nutrition Address 625 polk st. san francisco Phone 415/771 -3500 Class French 463
Title capp \ s corner address 1600 powell st. san francisco phone 415/989 -2589 category Italy 464
Title Map Address 1772 Market San Francisco Phone 415/863 -3516 Class 465
Title chevys address 4th and howard sts. san francisco phone 415/543 -8060 category ` Mexico/Latin America/Spanish'466
Title Cyprus Club Address 500 Jackson San Francisco Phone 415/296 -8555 Class 467
Address des alpes Address 732 Square San Francisco Telephone 415/788 -9900 Class French 468
Title Address 161 sutter st. san francisco Phone 415/362 -0404 Category ` Greek and Middle East'469
Title FOG City Dinner Address 1300 Battery San Francisco Telephone 415/982 -2000 Class 470
Title Garden Court Address Market and New Montgomery sts. san francisco Phone 415/546 -5011 Category ` Old san francisco'471
Title gaylord \ s address ghirardelli sq. san francisco phone 415/771 -8822 category Asia 472
Title Grand Café Hotel Monaco Address 501 Geary St. San Francisco Telephone 415/292 -0101 Class 473
Title Green Address bldg. a fort mason san francisco Phone 415/771 -6222 Category Vegetarianism 474
Title Port Village Address 4 Port Center San Francisco Telephone 415/781 -8833 Category Asia 475
Title harris \ Address 2100 van ness ave. san francisco Phone 415/673 -1888 Category ` Steam House'476
Title Harry Danton Address 161 Stuart St. Francis Phone 415/882 -1333 Class 477
Address Hayes Street Grill Address 320 Hayes St. San Francisco Telephone 415/863 -5545 Category Seafood 478
Title helmand Address 430 Street St. Francis Telephone 415/362 -0641 Category ` Greece and the Middle East'479
Title Hong Kong Flower Shop Address 5322 geary blvd. san francisco Phone 415/668 -8998 Class Asia 480
Title Hong Kong Villa Address 2332 clement st. san francisco Phone 415/752 -8833 Class Asia 481
Title hyde street bistro address 1521 hyde st. san francisco phone 415/441 -7778 category Italy 482
Title il fornaio levi \ s plaza address 1265 battery San Francisco phone 415/986 -0100 category Italy 483
Title izzy \ s steak & chop house address 3345 steiner st. san francisco phone 415/563 -0487 category ` steak houses'484
Title jack \ s address 615 sacramento s. san francisco phone 415/986 -9854 category ` old san francisco'485
Title kabuto sushi address 5116 geary blvd. san francisco phone 415/752 -5652 class Asia 486
Title katia \ s address 600 5th ave. san francisco phone 415/668 -9292 category '' 487
Title kuleto \ s address 221 powell st. san francisco phone 415/397 -7720 category Italy 488
Title kyo-ya. sheraton Palace Hotel Address 2 New Montgomery Holy in Market Holy Holy Holy Holy Holy Holy Holy Holy Holy Holy Holy Holy Holy Holy Holy Holy Holy Holy Holy Holy Holy Holy Holy Holy Holy Holy Holy Holy Holy Holy Holy Holy Holy Holy Holy Holy Holy Holy Holy Holy Holy Holy Holy Holy Holy Holy Holy Holy Holy Holy Holy Holy Holy Holy Holy Holy Holy Holy Holy Holy Holy Holy Holy Holy Holy Holy Holy Holy Holy Holy Holy Holy Holy Holy Holy Holy Holy Holy Holy Holy Holy Holy Holy Holy Holy Holy Holy Holy Hol
Title l \ osteria del forno address 519 columbus ave. san francisco phone 415/982 -1124 category Italy 490
Address le central Address 453 bush st. san francisco Phone 415/391 -2233 Category French 491
Address le soleil Address 133 clement st. san francisco Phone 415/668 -4848 Class Asia 492
Title McCarthy Park Address 607 Former St. Francis Telephone 415/398 -5700 Class 493
Title manora Address 3226 Mission San Francisco Phone 415/861 -6224 Class Asia 494
Title Maykadeh Address 470 Green St. Francis Phone 415/362 -8286 Category ` Greek and Middle East'495
Title mccormick & kuleto \ s address ghirardelli sq. san francisco phone 415/929 -1730 category seafood 496
Title 1000th Address 246 mcallister St. Francis Telephone 415/487 -9800 Class Vegetarianism 497
Title moose \ s address 1652 stockton st. san francisco phone 415/989 -7800 Category Mediterranean 498
Title Northern India Address 3131 webster San Francisco Phone 415/931 -1556 Class Asia 499
Title 1 Market address 1 Market St. Francis Telephone 415/777 -5577 Class 500
Title oritalia Address 1915 fillmore st. san francisco Phone 415/346 -1333 Category Italy 501
Title pacific pan pacific hotel 500 Posts Holy Holy Holy Holy Holy Holy Holy Holy Holy Holy Holy Holy Holy Holy Holy Holy Holy Holy Holy Holy
Title Palio d \ asti Address 640 sacramento s. san francisco Phone 415/395 -9800 Class Italy 503
Title pane e vino address 3011 steiner st. san francisco phone 415/346 -2111 category Italy 504
Title pastis address 1015 battery St. San Francisco phone 415/391 -2555 category French 505
Title perry \ s address 1944 union st. san francisco phone 415/922 -9022 category USA 506
Title r & g address 631 b Morni San Francisco phone 415/982 -7877 category ` or 415/982 -3811 Asia'507
Title Rubicon Address 558 sacramento s. san francisco Phone 415/434 -4100 Class 508
Title Address 1 tillman pl. san francisco Telephone 415/421 -2300 Category United States 509
Title Sanppo Address 1702 St. San Francisco Telephone 415/346 -3486 Category Asia 510
Title scala \ s bistro address 432 powell st. san francisco phone 415/395 -8555 category Italy 511
Title South Park Cafe Address 108 South Park San Francisco Phone 415/495 -7275 Category French 512
Title splendido embarcadero address 4 san francisco phone 415/986 -3222 Category Mediterranean 513
Title star address 150 redwood alley san francisco phone 415/861 -7827 category United States 514
Title Star Cafe Address 500 van ness ave. san francisco Phone 415/861 -4344 Categories United States 515
Title stoyanof \ s cafe address 1240 9th ave. san francisco phone 415/664 -3664 category ` Greece and the Middle East'516
Title Street Cafe Address 3300 geary blvd. san francisco Phone 415/668 -1783 Class Asia 517
Title suppenkuche address 601 hayes st. san francisco phone 415/252 -9289 category Russian/German 518
Title Seafood Address 240 California San Francisco Phone 415/391 -2373 Categories Seafood 519
Title Height Address 3235 sacramento st. san francisco Phone 415/474 -8890 Class French 520
Title thepin address 298 gough st. san francisco phone 415/863 -9335 category Asia 521
Title ton kiang address 3148 geary blvd. san francisco phone 415/752 -4440 category Asia 522
Title address 600 montgomery st. san francisco phone 415/433 -7250 Category Mediterranean 523
Title vivande porta via address 2125 fillmore st. san francisco phone 415/346 -4430 category Italy 524
Title vivande restaurant address 670 gold door ave. san francisco phone 415/673 -9245 category Italy 525
Title World Wrapps Address 2257 chestnut st. san francisco Phone 415/563 -9727 Category United States 526
Title wu kong address 101 spear st. san francisco phone 415/957 -9300 category Asia 527
Title yank sing address 427 battery st. san francisco phone 415/541 -4949 category Asia 528
Title yaya kitchen address 1220 9th ave. san francisco phone 415/566 -6966 category ` Greece and the Middle East'529
Title yoyo tsumami bistro address 1611 mail st. san francisco phone 415/922 -7788 category French 530
Title zarzuela address 2000 hyde st. san francisco phone 415/346 -0800 category ` Mexico/Latin America/Spanish'531
Title Zuni cafe & grill Address 1658 Market St. Francis Phone 415/552 -2522 Category Mediterranean 532
